{"cameraMode":{"drawMode":0,"name":"Shaded","section":"Shading Mode"},"sceneLighting":true,"audioPlay":false,"sceneViewState":{"showFog":true,"showMaterialUpdate":false,"showSkybox":true,"showFlares":true,"showImageEffects":true,"showParticleSystems":true},"in2DMode":false,"pivot":{"x":-10.493971824645996,"y":-3.6145458221435549,"z":11.059539794921875},"rotation":{"x":-0.13169202208518983,"y":0.8674520254135132,"z":-0.31793323159217837,"w":-0.35931065678596499},"size":36.938751220703128,"orthographic":false}