{"cameraMode":{"drawMode":0,"name":"Shaded","section":"Shading Mode"},"sceneLighting":true,"audioPlay":false,"sceneViewState":{"showFog":true,"showMaterialUpdate":false,"showSkybox":true,"showFlares":true,"showImageEffects":true,"showParticleSystems":true},"in2DMode":false,"pivot":{"x":-1.718736171722412,"y":-1.425349235534668,"z":-10.790043830871582},"rotation":{"x":-0.40104910731315615,"y":0.023902930319309236,"z":-0.01046832837164402,"w":-0.9156866669654846},"size":90.0698013305664,"orthographic":false}