{"cameraMode":{"drawMode":0,"name":"Shaded","section":"Shading Mode"},"sceneLighting":true,"audioPlay":false,"sceneViewState":{"showFog":true,"showMaterialUpdate":false,"showSkybox":false,"showFlares":true,"showImageEffects":true,"showParticleSystems":true},"in2DMode":false,"pivot":{"x":-11.164994239807129,"y":1.2000000476837159,"z":7.282312393188477},"rotation":{"x":-0.13169202208518983,"y":0.8674520254135132,"z":-0.31793323159217837,"w":-0.35931065678596499},"size":5.323587417602539,"orthographic":false}