{"cameraMode":{"drawMode":0,"name":"Shaded","section":"Shading Mode"},"sceneLighting":true,"audioPlay":false,"sceneViewState":{"showFog":true,"showMaterialUpdate":false,"showSkybox":true,"showFlares":true,"showImageEffects":true,"showParticleSystems":true},"in2DMode":false,"pivot":{"x":-7.412325382232666,"y":-6.9785871505737309,"z":2.9743614196777345},"rotation":{"x":-0.13305024802684785,"y":0.8657556772232056,"z":-0.31583911180496218,"w":-0.36470890045166018},"size":50.26853561401367,"orthographic":false}