{"cameraMode":{"drawMode":0,"name":"Shaded","section":"Shading Mode"},"sceneLighting":true,"audioPlay":false,"sceneViewState":{"showFog":true,"showMaterialUpdate":false,"showSkybox":true,"showFlares":true,"showImageEffects":true,"showParticleSystems":true},"in2DMode":false,"pivot":{"x":-33.93605041503906,"y":-32.993988037109378,"z":23.368072509765626},"rotation":{"x":-0.3615214228630066,"y":0.4815191328525543,"z":-0.2274608314037323,"w":-0.7653149366378784},"size":105.6821517944336,"orthographic":false}