{"cameraMode":{"drawMode":0,"name":"Shaded","section":"Shading Mode"},"sceneLighting":true,"audioPlay":false,"sceneViewState":{"showFog":true,"showMaterialUpdate":false,"showSkybox":true,"showFlares":true,"showImageEffects":true,"showParticleSystems":true},"in2DMode":false,"pivot":{"x":104.91661834716797,"y":-258.7315368652344,"z":-204.87124633789063},"rotation":{"x":-0.09783774614334107,"y":-0.8787938356399536,"z":0.419980525970459,"w":-0.2047608345746994},"size":390.6097106933594,"orthographic":false}