{"cameraMode":{"drawMode":0,"name":"Shaded","section":"Shading Mode"},"sceneLighting":false,"audioPlay":false,"sceneViewState":{"showFog":true,"showMaterialUpdate":false,"showSkybox":false,"showFlares":true,"showImageEffects":true,"showParticleSystems":true},"in2DMode":false,"pivot":{"x":0.0,"y":-0.1526276022195816,"z":-0.015161514282226563},"rotation":{"x":0.2748863399028778,"y":0.22659087181091309,"z":-0.06683097779750824,"w":0.932002604007721},"size":4.014854907989502,"orthographic":false}