{"cameraMode":{"drawMode":0,"name":"Shaded","section":"Shading Mode"},"sceneLighting":true,"audioPlay":false,"sceneViewState":{"showFog":true,"showMaterialUpdate":false,"showSkybox":true,"showFlares":true,"showImageEffects":true,"showParticleSystems":true},"in2DMode":false,"pivot":{"x":5.793558120727539,"y":-2.293987274169922,"z":14.333184242248536},"rotation":{"x":-0.4734674394130707,"y":0.37043607234954836,"z":-0.2290862649679184,"w":-0.7656949758529663},"size":30.544816970825197,"orthographic":false}