{"cameraMode":{"drawMode":0,"name":"Shaded","section":"Shading Mode"},"sceneLighting":false,"audioPlay":false,"sceneViewState":{"showFog":true,"showMaterialUpdate":false,"showSkybox":true,"showFlares":true,"showImageEffects":true,"showParticleSystems":true},"in2DMode":false,"pivot":{"x":15.654675483703614,"y":0.7322168350219727,"z":-16.02220344543457},"rotation":{"x":0.23364043235778809,"y":-0.326826810836792,"z":0.08373420685529709,"w":0.9119198322296143},"size":14.05956745147705,"orthographic":false}