{"cameraMode":{"drawMode":0,"name":"Shaded","section":"Shading Mode"},"sceneLighting":true,"audioPlay":false,"sceneViewState":{"showFog":true,"showMaterialUpdate":true,"showSkybox":false,"showFlares":true,"showImageEffects":true,"showParticleSystems":true},"in2DMode":false,"pivot":{"x":0.0,"y":1.4379997253417969,"z":-13.703998565673829},"rotation":{"x":0.17521579563617707,"y":-0.5760805606842041,"z":0.12848220765590669,"w":0.7881180644035339},"size":4.51825475692749,"orthographic":false}