{"cameraMode":{"drawMode":0,"name":"Shaded","section":"Shading Mode"},"sceneLighting":false,"audioPlay":false,"sceneViewState":{"showFog":true,"showMaterialUpdate":true,"showSkybox":false,"showFlares":true,"showImageEffects":true,"showParticleSystems":true},"in2DMode":false,"pivot":{"x":0.0,"y":1.2690000534057618,"z":-15.015161514282227},"rotation":{"x":0.3764437139034271,"y":0.06832882016897202,"z":-0.027538824826478959,"w":0.9236183166503906},"size":4.418774604797363,"orthographic":false}