{"cameraMode":{"drawMode":0,"name":"Shaded","section":"Shading Mode"},"sceneLighting":false,"audioPlay":false,"sceneViewState":{"showFog":true,"showMaterialUpdate":true,"showSkybox":false,"showFlares":true,"showImageEffects":true,"showParticleSystems":true},"in2DMode":false,"pivot":{"x":1.6533870697021485,"y":-1.432374119758606,"z":0.2641705572605133},"rotation":{"x":0.19040462374687196,"y":0.6214353442192078,"z":-0.1587667167186737,"w":0.743348240852356},"size":4.014854907989502,"orthographic":false}