{"cameraMode":{"drawMode":0,"name":"Shaded","section":"Shading Mode"},"sceneLighting":false,"audioPlay":false,"sceneViewState":{"showFog":true,"showMaterialUpdate":true,"showSkybox":false,"showFlares":true,"showImageEffects":true,"showParticleSystems":true},"in2DMode":false,"pivot":{"x":0.0,"y":1.0047636032104493,"z":-0.022161483764648439},"rotation":{"x":0.17328894138336183,"y":0.6900905966758728,"z":-0.17525222897529603,"w":0.680620014667511},"size":2.211240291595459,"orthographic":false}