{"cameraMode":{"drawMode":0,"name":"Shaded","section":"Shading Mode"},"sceneLighting":false,"audioPlay":false,"sceneViewState":{"showFog":true,"showMaterialUpdate":true,"showSkybox":false,"showFlares":true,"showImageEffects":true,"showParticleSystems":true},"in2DMode":false,"pivot":{"x":0.3312949538230896,"y":0.6576377749443054,"z":0.24880196154117585},"rotation":{"x":0.1301497519016266,"y":0.5946611166000366,"z":-0.09778200834989548,"w":0.7874592542648315},"size":2.4564125537872316,"orthographic":false}