{"cameraMode":{"drawMode":0,"name":"Shaded","section":"Shading Mode"},"sceneLighting":true,"audioPlay":false,"sceneViewState":{"showFog":true,"showMaterialUpdate":true,"showSkybox":false,"showFlares":true,"showImageEffects":true,"showParticleSystems":true},"in2DMode":false,"pivot":{"x":-0.35421863198280337,"y":-0.03342503309249878,"z":-0.09675657749176026},"rotation":{"x":-0.28275734186172488,"y":0.16246378421783448,"z":-0.048719149082899097,"w":-0.9441240429878235},"size":2.554119825363159,"orthographic":false}