{"cameraMode":{"drawMode":0,"name":"Shaded","section":"Shading Mode"},"sceneLighting":true,"audioPlay":false,"sceneViewState":{"showFog":true,"showMaterialUpdate":true,"showSkybox":true,"showFlares":true,"showImageEffects":true,"showParticleSystems":true},"in2DMode":false,"pivot":{"x":6.685276508331299,"y":-2.097895622253418,"z":7.29475212097168},"rotation":{"x":0.07695844769477844,"y":0.9233844876289368,"z":-0.2569245398044586,"w":0.2750142216682434},"size":30.25248908996582,"orthographic":false}