{"cameraMode":{"drawMode":0,"name":"Shaded","section":"Shading Mode"},"sceneLighting":true,"audioPlay":false,"sceneViewState":{"showFog":true,"showMaterialUpdate":false,"showSkybox":true,"showFlares":true,"showImageEffects":true,"showParticleSystems":true},"in2DMode":false,"pivot":{"x":-3.185652256011963,"y":0.5,"z":0.2097618579864502},"rotation":{"x":-0.46244415640830996,"y":-0.14066113531589509,"z":0.07457588613033295,"w":-0.872237503528595},"size":2.8578836917877199,"orthographic":false}