{"cameraMode":{"drawMode":0,"name":"Shaded","section":"Shading Mode"},"sceneLighting":true,"audioPlay":false,"sceneViewState":{"showFog":true,"showMaterialUpdate":true,"showSkybox":false,"showFlares":true,"showImageEffects":true,"showParticleSystems":true},"in2DMode":false,"pivot":{"x":-11.164994239807129,"y":1.2480000257492066,"z":7.282312393188477},"rotation":{"x":-0.2575722336769104,"y":-0.7336816191673279,"z":0.3736116588115692,"w":-0.5058202147483826},"size":5.442444324493408,"orthographic":false}