{"cameraMode":{"drawMode":0,"name":"Shaded","section":"Shading Mode"},"sceneLighting":false,"audioPlay":false,"sceneViewState":{"showFog":true,"showMaterialUpdate":true,"showSkybox":false,"showFlares":true,"showImageEffects":true,"showParticleSystems":true},"in2DMode":false,"pivot":{"x":0.0,"y":1.2690000534057618,"z":-15.015161514282227},"rotation":{"x":0.05089382082223892,"y":-0.8952767848968506,"z":0.10671938955783844,"w":0.4297758936882019},"size":3.8187742233276369,"orthographic":false}