{"cameraMode":{"drawMode":0,"name":"Shaded","section":"Shading Mode"},"sceneLighting":true,"audioPlay":false,"sceneViewState":{"showFog":true,"showMaterialUpdate":false,"showSkybox":true,"showFlares":true,"showImageEffects":true,"showParticleSystems":true},"in2DMode":false,"pivot":{"x":-1.9635696411132813,"y":-1.8750495910644532,"z":11.20492172241211},"rotation":{"x":-0.19946400821208955,"y":0.5283389091491699,"z":-0.12929370999336244,"w":-0.8150799870491028},"size":23.125343322753908,"orthographic":false}