{"cameraMode":{"drawMode":0,"name":"Shaded","section":"Shading Mode"},"sceneLighting":true,"audioPlay":false,"sceneViewState":{"showFog":true,"showMaterialUpdate":true,"showSkybox":true,"showFlares":true,"showImageEffects":true,"showParticleSystems":true},"in2DMode":false,"pivot":{"x":-3.2403812408447267,"y":9.226179122924805,"z":8.173555374145508},"rotation":{"x":-0.09496837854385376,"y":-0.9035248756408691,"z":0.32164469361305239,"w":-0.26677414774894717},"size":27.871431350708009,"orthographic":false}