{"cameraMode":{"drawMode":0,"name":"Shaded","section":"Shading Mode"},"sceneLighting":false,"audioPlay":false,"sceneViewState":{"showFog":true,"showMaterialUpdate":false,"showSkybox":true,"showFlares":true,"showImageEffects":true,"showParticleSystems":true},"in2DMode":false,"pivot":{"x":15.510000228881836,"y":2.5,"z":-18.479999542236329},"rotation":{"x":0.02398785762488842,"y":-0.9746946096420288,"z":0.1807018518447876,"w":0.12939009070396424},"size":14.289420127868653,"orthographic":false}