{"cameraMode":{"drawMode":0,"name":"Shaded","section":"Shading Mode"},"sceneLighting":true,"audioPlay":false,"sceneViewState":{"showFog":true,"showMaterialUpdate":true,"showSkybox":true,"showFlares":true,"showImageEffects":true,"showParticleSystems":true},"in2DMode":false,"pivot":{"x":11.186256408691407,"y":-198.04566955566407,"z":223.4403076171875},"rotation":{"x":0.35077133774757388,"y":0.025019431486725808,"z":-0.009200992994010449,"w":0.9361469745635986},"size":353.66650390625,"orthographic":false}