{"cameraMode":{"drawMode":0,"name":"Shaded","section":"Shading Mode"},"sceneLighting":true,"audioPlay":false,"sceneViewState":{"showFog":true,"showMaterialUpdate":true,"showSkybox":true,"showFlares":true,"showImageEffects":true,"showParticleSystems":true},"in2DMode":false,"pivot":{"x":-233.38650512695313,"y":-87.126953125,"z":-14.63267707824707},"rotation":{"x":-0.12459104508161545,"y":0.7203519344329834,"z":-0.13468153774738313,"w":-0.6690545082092285},"size":274.23260498046877,"orthographic":false}