{"cameraMode":{"drawMode":0,"name":"Shaded","section":"Shading Mode"},"sceneLighting":false,"audioPlay":false,"sceneViewState":{"showFog":true,"showMaterialUpdate":true,"showSkybox":false,"showFlares":true,"showImageEffects":true,"showParticleSystems":true},"in2DMode":false,"pivot":{"x":0.06070971488952637,"y":0.7755215167999268,"z":0.335744172334671},"rotation":{"x":-0.25852081179618838,"y":0.6722894906997681,"z":-0.273110955953598,"w":-0.6378228664398193},"size":3.014099359512329,"orthographic":false}