{"cameraMode":{"drawMode":0,"name":"Shaded","section":"Shading Mode"},"sceneLighting":false,"audioPlay":false,"sceneViewState":{"showFog":true,"showMaterialUpdate":false,"showSkybox":true,"showFlares":true,"showImageEffects":true,"showParticleSystems":true},"in2DMode":false,"pivot":{"x":0.010064713656902314,"y":1.3209999799728394,"z":1.2679383754730225},"rotation":{"x":0.19758521020412446,"y":-0.6894185543060303,"z":0.20446346700191499,"w":0.6662258505821228},"size":0.7926337122917175,"orthographic":false}